{"cameraMode":{"drawMode":0,"name":"Shaded","section":"Shading Mode"},"sceneLighting":true,"audioPlay":false,"sceneViewState":{"showFog":true,"showMaterialUpdate":false,"showSkybox":true,"showFlares":true,"showImageEffects":true,"showParticleSystems":true},"in2DMode":false,"pivot":{"x":-8.861572265625,"y":362.28338623046877,"z":-16.26763916015625},"rotation":{"x":-0.16325725615024568,"y":0.6159549951553345,"z":-0.1324518918991089,"w":-0.7592121362686157},"size":1337.3719482421875,"orthographic":false}