{"cameraMode":{"drawMode":0,"name":"Shaded","section":"Shading Mode"},"sceneLighting":true,"audioPlay":false,"sceneViewState":{"showFog":true,"showMaterialUpdate":false,"showSkybox":true,"showFlares":true,"showImageEffects":true,"showParticleSystems":true},"in2DMode":false,"pivot":{"x":11.973661422729493,"y":6.543582439422607,"z":19.260059356689454},"rotation":{"x":-0.06024495139718056,"y":0.03053661249577999,"z":-0.0018438700353726745,"w":-0.9977147579193115},"size":44.48734664916992,"orthographic":false}