{"cameraMode":{"drawMode":0,"name":"Shaded","section":"Shading Mode"},"sceneLighting":false,"audioPlay":false,"sceneViewState":{"showFog":true,"showMaterialUpdate":false,"showSkybox":false,"showFlares":true,"showImageEffects":true,"showParticleSystems":true},"in2DMode":false,"pivot":{"x":8.446990966796875,"y":0.8452448844909668,"z":-2.220714807510376},"rotation":{"x":-0.09346354752779007,"y":-0.8181586265563965,"z":0.13901926577091218,"w":-0.5500497817993164},"size":4.244725704193115,"orthographic":false}