{"cameraMode":{"drawMode":0,"name":"Shaded","section":"Shading Mode"},"sceneLighting":true,"audioPlay":false,"sceneViewState":{"showFog":true,"showMaterialUpdate":false,"showSkybox":true,"showFlares":true,"showImageEffects":true,"showParticleSystems":true},"in2DMode":false,"pivot":{"x":-8.027504920959473,"y":1.3938913345336915,"z":-3.549556255340576},"rotation":{"x":0.08995421975851059,"y":0.9098251461982727,"z":-0.29677796363830569,"w":0.2757705748081207},"size":24.93718147277832,"orthographic":false}